name,url,username,password,note
fakeyou.com,https://fakeyou.com/weight/weight_ppqs5038bvkm6wc29w0xfebzy/donald-trump,roip.tkshs@gmail.com,N4f5byJc6.QdFF5,
github.com,https://github.com/signup,Dollarbob404,Roip1995,
letterboxd.com,https://letterboxd.com/,YoavElkayam,ye120206,
noeg.co.il,https://noeg.co.il/register.html,roip.tkshs@gmail.com,Roip1995,
rateyourmusic.com,https://rateyourmusic.com/account/login,yoavelkayam17,ye120206,
real-debrid.com,https://real-debrid.com/,YoavElkayam,Ye120206,
signin.ea.com,https://signin.ea.com/p/juno/login,yoavi.elkayam@gmail.com,Ye120206,
ubm.optonet.es,https://ubm.optonet.es/auth/login,idos,idos,
www.netflix.com,https://www.netflix.com/login,gadi.elk@gmail.com,Magic12345!,
